{"cameraMode":{"drawMode":0,"name":"Shaded","section":"Shading Mode"},"sceneLighting":false,"audioPlay":false,"sceneViewState":{"showFog":true,"showMaterialUpdate":false,"showSkybox":false,"showFlares":true,"showImageEffects":true,"showParticleSystems":true},"in2DMode":false,"pivot":{"x":-0.06000041961669922,"y":3.7249999046325685,"z":-49.095001220703128},"rotation":{"x":-0.24176985025405885,"y":-0.5504758358001709,"z":0.17050111293792725,"w":-0.7808051705360413},"size":14.320273399353028,"orthographic":false}