{"cameraMode":{"drawMode":0,"name":"Shaded","section":"Shading Mode"},"sceneLighting":false,"audioPlay":false,"sceneViewState":{"showFog":true,"showMaterialUpdate":false,"showSkybox":false,"showFlares":true,"showImageEffects":true,"showParticleSystems":true},"in2DMode":false,"pivot":{"x":-53.1951904296875,"y":2.052328109741211,"z":-3.089099884033203},"rotation":{"x":0.021407578140497209,"y":-0.9785362482070923,"z":0.15121836960315705,"w":0.13920773565769196},"size":3.3141956329345705,"orthographic":false}