{"cameraMode":{"drawMode":0,"name":"Shaded","section":"Shading Mode"},"sceneLighting":true,"audioPlay":false,"sceneViewState":{"showFog":true,"showMaterialUpdate":false,"showSkybox":true,"showFlares":true,"showImageEffects":true,"showParticleSystems":true},"in2DMode":false,"pivot":{"x":2.19071888923645,"y":5.95816707611084,"z":-3.1120338439941408},"rotation":{"x":0.006113319657742977,"y":0.9933196902275086,"z":-0.09897080063819885,"w":0.061456773430109027},"size":14.60429859161377,"orthographic":false}