{"cameraMode":{"drawMode":0,"name":"Shaded","section":"Shading Mode"},"sceneLighting":false,"audioPlay":false,"sceneViewState":{"showFog":true,"showMaterialUpdate":false,"showSkybox":false,"showFlares":true,"showImageEffects":true,"showParticleSystems":true},"in2DMode":false,"pivot":{"x":-1.7896780967712403,"y":107.88025665283203,"z":0.24111175537109376},"rotation":{"x":0.01829712465405464,"y":-0.03748419135808945,"z":0.0006748276064172387,"w":0.9992828369140625},"size":60.25833511352539,"orthographic":false}