{"cameraMode":{"drawMode":0,"name":"Shaded","section":"Shading Mode"},"sceneLighting":false,"audioPlay":false,"sceneViewState":{"showFog":false,"showMaterialUpdate":false,"showSkybox":true,"showFlares":true,"showImageEffects":true,"showParticleSystems":true},"in2DMode":false,"pivot":{"x":-0.964794397354126,"y":8.421428680419922,"z":0.7849559783935547},"rotation":{"x":0.009556188248097897,"y":0.9871311187744141,"z":-0.1464712917804718,"w":0.06404964625835419},"size":10.471993446350098,"orthographic":false}